word,count
id,88
order,71
product,62
user,58
process,40
endpoint,36
payment,35
api,34
access,31
orderid,29
userid,27
fail,22
data,21
request,20
ship,18
update,18
server,14
productid,13
database,13
cart,13
stock,12
detect,12
successful,11
place,11
timeout,10
invalid,10
receive,10
successfully,10
validation,9
low,8
inventory,8
gateway,8
error,8
authentication,8
input,7
unusual,7
retrieve,7
information,7
exceed,7
add,6
apply,6
detail,6
unable,6
fetch,6
connection,6
analyze,6
behavior,6
vorders,5
code,5
internal,5
status,5
refund,5
item,5
profile,5
username,5
limit,4
login,4
rate,4
quantity,4
miss,4
deprecate,4
token,4
pending,4
address,4
discount,3
vcart,3
maintenance,3
session,3
complex,3
validate,3
algorithm,3
pattern,3
lose,3
occur,3
generate,3
authorization,3
delay,3
coupon,3
spend,3
cost,3
calculation,3
return,3
invoice,3
delivery,3
latency,3
calculate,3
post,3
execute,3
traffic,2
account,2
parameter,2
query,2
xyz,2
provide,2
find,2
high,2
endpointproducts,2
review,2
connect,2
cache,2
endpointusers,2
register,2
external,2
dispatch,2
registration,2
online,1
transaction,1
hit,1
affect,1
progress,1
customer,1
emailuserexamplecom,1
unrecognized,1
format,1
overload,1
settings,1
back,1
cancel,1
log,1
valid,1
system,1
restart,1
impact,1
attempt,1
authenticate,1
deadlock,1
pm,1
invalidendpoint,1
submit,1
utc,1
credentials,1
remove,1
encounter,1
view,1
history,1
failure,1
corruption,1
long,1
activity,1
sale,1
restock,1
retry,1
potential,1
clear,1
hour,1
friday,1
usual,1
schedule,1
deliver,1
feature,1
confirm,1
call,1
search,1
issue,1
black,1
delete,1
abc,1
crash,1
performance,1
establish,1
endpointorders,1
unreachable,1
vproducts,1
overdue,1
ip,1
unavailable,1
alert,1
def,1
start,1
courieridxyz,1
courieriddef,1
courieridabc,1
